{
	"credit": "Made with Blockbench",
	"ambientocclusion": false,
	"textures": {
		"3": "block/activator_rail",
		"7": "block/activator_rail_wood_on",
		"particle": "block/rail"
	},
	"elements": [
		{
			"from": [0, 0, 13],
			"to": [16, 1, 15],
			"faces": {
				"north": {"uv": [0, 13, 16, 14], "rotation": 180, "texture": "#7"},
				"east": {"uv": [0, 13, 1, 15], "rotation": 90, "texture": "#7"},
				"south": {"uv": [0, 14, 16, 15], "texture": "#7"},
				"west": {"uv": [15, 13, 16, 15], "rotation": 270, "texture": "#7"},
				"up": {"uv": [0, 13, 16, 15], "texture": "#7"},
				"down": {"uv": [0, 13, 16, 15], "rotation": 180, "texture": "#7"}
			}
		},
		{
			"from": [0, 0, 9],
			"to": [16, 1, 11],
			"faces": {
				"north": {"uv": [0, 9, 16, 10], "rotation": 180, "texture": "#7"},
				"east": {"uv": [0, 9, 1, 11], "rotation": 90, "texture": "#7"},
				"south": {"uv": [0, 10, 16, 11], "texture": "#7"},
				"west": {"uv": [15, 9, 16, 11], "rotation": 270, "texture": "#7"},
				"up": {"uv": [0, 9, 16, 11], "texture": "#7"},
				"down": {"uv": [0, 9, 16, 11], "rotation": 180, "texture": "#7"}
			}
		},
		{
			"from": [0, 0, 5],
			"to": [16, 1, 7],
			"faces": {
				"north": {"uv": [0, 5, 16, 6], "rotation": 180, "texture": "#7"},
				"east": {"uv": [0, 5, 1, 7], "rotation": 90, "texture": "#7"},
				"south": {"uv": [0, 6, 16, 7], "texture": "#7"},
				"west": {"uv": [15, 5, 16, 7], "rotation": 270, "texture": "#7"},
				"up": {"uv": [0, 5, 16, 7], "texture": "#7"},
				"down": {"uv": [0, 5, 16, 7], "rotation": 180, "texture": "#7"}
			}
		},
		{
			"from": [0, 0, 1],
			"to": [16, 1, 3],
			"faces": {
				"north": {"uv": [0, 1, 16, 2], "rotation": 180, "texture": "#7"},
				"east": {"uv": [0, 1, 1, 3], "rotation": 90, "texture": "#7"},
				"south": {"uv": [0, 2, 16, 3], "texture": "#7"},
				"west": {"uv": [15, 1, 16, 3], "rotation": 270, "texture": "#7"},
				"up": {"uv": [0, 1, 16, 3], "texture": "#7"},
				"down": {"uv": [0, 1, 16, 3], "rotation": 180, "texture": "#7"}
			}
		},
		{
			"from": [1, 1, 0],
			"to": [3, 2, 16],
			"faces": {
				"north": {"uv": [2, 15, 4, 16], "rotation": 180, "texture": "#3"},
				"east": {"uv": [3, 0, 4, 16], "rotation": 90, "texture": "#3"},
				"south": {"uv": [2, 0, 4, 1], "texture": "#3"},
				"west": {"uv": [2, 0, 3, 16], "rotation": 270, "texture": "#3"},
				"up": {"uv": [2, 0, 4, 16], "texture": "#3"},
				"down": {"uv": [2, 16, 4, 0], "texture": "#3"}
			}
		},
		{
			"from": [13, 1, 0],
			"to": [15, 2, 16],
			"faces": {
				"north": {"uv": [2, 15, 4, 16], "texture": "#3"},
				"east": {"uv": [13, 0, 14, 16], "rotation": 90, "texture": "#3"},
				"south": {"uv": [12, 0, 14, 1], "texture": "#3"},
				"west": {"uv": [12, 0, 13, 16], "rotation": 270, "texture": "#3"},
				"up": {"uv": [12, 0, 14, 16], "texture": "#3"},
				"down": {"uv": [12, 16, 14, 0], "texture": "#3"}
			}
		}
	]
}