{
	"credit": "Made with Blockbench",
	"ambientocclusion": false,
	"textures": {
		"5": "block/detector_rail_plate_on",
		"7": "block/rail_wood_detector",
		"8": "block/detector_rail_wood",
		"9": "block/detector_rail",
		"10": "block/detector_rail_plate_bottom_on",
		"11": "block/detector_rail_pressure_stone",
		"particle": "block/detector_rail_pressure_stone"
	},
	"elements": [
		{
			"from": [0, 0, 13],
			"to": [16, 1, 15],
			"faces": {
				"north": {"uv": [0, 13, 16, 14], "rotation": 180, "texture": "#7"},
				"east": {"uv": [0, 13, 1, 15], "rotation": 90, "texture": "#7"},
				"south": {"uv": [0, 14, 16, 15], "texture": "#7"},
				"west": {"uv": [15, 13, 16, 15], "rotation": 270, "texture": "#7"},
				"up": {"uv": [0, 13, 16, 15], "texture": "#8"},
				"down": {"uv": [0, 13, 16, 15], "rotation": 180, "texture": "#7"}
			}
		},
		{
			"from": [0, 0, 9],
			"to": [16, 1, 11],
			"faces": {
				"north": {"uv": [0, 9, 16, 10], "rotation": 180, "texture": "#8"},
				"east": {"uv": [0, 9, 1, 11], "rotation": 90, "texture": "#8"},
				"south": {"uv": [0, 10, 16, 11], "texture": "#8"},
				"west": {"uv": [15, 9, 16, 11], "rotation": 270, "texture": "#8"},
				"up": {"uv": [0, 9, 16, 11], "texture": "#8"},
				"down": {"uv": [0, 9, 16, 11], "rotation": 180, "texture": "#8"}
			}
		},
		{
			"from": [0, 0, 5],
			"to": [16, 1, 7],
			"faces": {
				"north": {"uv": [0, 5, 16, 6], "rotation": 180, "texture": "#8"},
				"east": {"uv": [0, 5, 1, 7], "rotation": 90, "texture": "#8"},
				"south": {"uv": [0, 6, 16, 7], "texture": "#8"},
				"west": {"uv": [15, 5, 16, 7], "rotation": 270, "texture": "#8"},
				"up": {"uv": [0, 5, 16, 7], "texture": "#8"},
				"down": {"uv": [0, 5, 16, 7], "rotation": 180, "texture": "#8"}
			}
		},
		{
			"from": [0, 0, 1],
			"to": [16, 1, 3],
			"faces": {
				"north": {"uv": [0, 1, 16, 2], "rotation": 180, "texture": "#7"},
				"east": {"uv": [0, 1, 1, 3], "rotation": 90, "texture": "#7"},
				"south": {"uv": [0, 2, 16, 3], "texture": "#7"},
				"west": {"uv": [15, 1, 16, 3], "rotation": 270, "texture": "#7"},
				"up": {"uv": [0, 1, 16, 3], "texture": "#7"},
				"down": {"uv": [0, 1, 16, 3], "rotation": 180, "texture": "#7"}
			}
		},
		{
			"from": [1, 1, 0],
			"to": [3, 2, 16],
			"faces": {
				"north": {"uv": [2, 15, 4, 16], "rotation": 180, "texture": "#9"},
				"east": {"uv": [3, 0, 4, 16], "rotation": 90, "texture": "#9"},
				"south": {"uv": [2, 0, 4, 1], "texture": "#9"},
				"west": {"uv": [2, 0, 3, 16], "rotation": 270, "texture": "#9"},
				"up": {"uv": [2, 0, 4, 16], "texture": "#9"},
				"down": {"uv": [2, 16, 4, 0], "texture": "#9"}
			}
		},
		{
			"from": [4, 1.5, 4],
			"to": [12, 2.5, 12],
			"faces": {
				"north": {"uv": [4, 4, 12, 5], "rotation": 180, "texture": "#11"},
				"east": {"uv": [11, 4, 12, 12], "rotation": 90, "texture": "#11"},
				"south": {"uv": [4, 11, 12, 12], "texture": "#11"},
				"west": {"uv": [4, 4, 5, 12], "rotation": 270, "texture": "#11"},
				"up": {"uv": [4, 4, 12, 12], "texture": "#11"},
				"down": {"uv": [5, 11, 12, 5], "texture": "#11"}
			}
		},
		{
			"from": [3, 1, 2],
			"to": [13, 2, 14],
			"faces": {
				"north": {"uv": [3, 2, 13, 3], "rotation": 180, "texture": "#5"},
				"east": {"uv": [14, 3, 15, 13], "rotation": 90, "texture": "#5"},
				"south": {"uv": [3, 13, 13, 14], "texture": "#5"},
				"west": {"uv": [1, 3, 2, 13], "rotation": 270, "texture": "#5"},
				"up": {"uv": [3, 2, 13, 14], "texture": "#5"},
				"down": {"uv": [3, 14, 13, 2], "texture": "#10"}
			}
		},
		{
			"from": [13, 1, 0],
			"to": [15, 2, 16],
			"faces": {
				"north": {"uv": [2, 15, 4, 16], "texture": "#9"},
				"east": {"uv": [13, 0, 14, 16], "rotation": 90, "texture": "#9"},
				"south": {"uv": [12, 0, 14, 1], "texture": "#9"},
				"west": {"uv": [12, 0, 13, 16], "rotation": 270, "texture": "#9"},
				"up": {"uv": [12, 0, 14, 16], "texture": "#9"},
				"down": {"uv": [12, 16, 14, 0], "texture": "#9"}
			}
		}
	]
}