{
	"credit": "Made with Blockbench",
	"ambientocclusion": false,
	"textures": {
		"3": "block/rail_corner_bar",
		"4": "block/rail_corner_bar2",
		"5": "block/rail_wood_corner",
		"particle": "block/rail"
	},
	"elements": [
		{
			"from": [4, 0, 8.25],
			"to": [20, 1, 10.25],
			"rotation": {"angle": -22.5, "axis": "y", "origin": [0, 0, 0]},
			"faces": {
				"north": {"uv": [0, 14, 16, 15], "texture": "#5"},
				"east": {"uv": [15, 13, 16, 15], "rotation": 270, "texture": "#5"},
				"south": {"uv": [0, 13, 16, 14], "rotation": 180, "texture": "#5"},
				"west": {"uv": [0, 13, 1, 15], "rotation": 90, "texture": "#5"},
				"up": {"uv": [0, 13, 16, 15], "rotation": 180, "texture": "#5"},
				"down": {"uv": [0, 13, 16, 15], "texture": "#5"}
			}
		},
		{
			"from": [5.5, 0, -1],
			"to": [21.5, 1, 1],
			"rotation": {"angle": -45, "axis": "y", "origin": [0, 0, 0]},
			"faces": {
				"north": {"uv": [0, 14, 16, 15], "texture": "#5"},
				"east": {"uv": [15, 13, 16, 15], "rotation": 270, "texture": "#5"},
				"south": {"uv": [0, 13, 16, 14], "rotation": 180, "texture": "#5"},
				"west": {"uv": [0, 13, 1, 15], "rotation": 90, "texture": "#5"},
				"up": {"uv": [0, 13, 16, 15], "rotation": 180, "texture": "#5"},
				"down": {"uv": [0, 13, 16, 15], "texture": "#5"}
			}
		},
		{
			"from": [8.25, 0, 4],
			"to": [10.25, 1, 20],
			"rotation": {"angle": 22.5, "axis": "y", "origin": [0, 0, 0]},
			"faces": {
				"north": {"uv": [0, 5, 1, 7], "rotation": 90, "texture": "#5"},
				"east": {"uv": [0, 6, 16, 7], "texture": "#5"},
				"south": {"uv": [15, 5, 16, 7], "rotation": 270, "texture": "#5"},
				"west": {"uv": [0, 5, 16, 6], "rotation": 180, "texture": "#5"},
				"up": {"uv": [0, 5, 16, 7], "rotation": 270, "texture": "#5"},
				"down": {"uv": [0, 5, 16, 7], "rotation": 270, "texture": "#5"}
			}
		},
		{
			"from": [14, 1, 13],
			"to": [16, 2, 15],
			"faces": {
				"north": {"uv": [14, 13, 16, 14], "rotation": 180, "texture": "#3"},
				"east": {"uv": [1, 14, 3, 15], "texture": "#3"},
				"south": {"uv": [14, 14, 16, 15], "texture": "#3"},
				"west": {"uv": [13, 14, 15, 15], "texture": "#3"},
				"up": {"uv": [14, 13, 16, 15], "texture": "#3"},
				"down": {"uv": [14, 15, 16, 13], "texture": "#3"}
			}
		},
		{
			"from": [8, 1, 1],
			"to": [16, 2, 3],
			"faces": {
				"north": {"uv": [8, 1, 16, 2], "rotation": 180, "texture": "#3"},
				"east": {"uv": [15, 1, 16, 3], "rotation": 90, "texture": "#3"},
				"south": {"uv": [8, 2, 16, 3], "texture": "#3"},
				"west": {"uv": [8, 1, 9, 3], "rotation": 270, "texture": "#3"},
				"up": {"uv": [8, 1, 16, 3], "texture": "#3"},
				"down": {"uv": [16, 1, 8, 3], "rotation": 180, "texture": "#3"}
			}
		},
		{
			"from": [6, 1, 2],
			"to": [8, 2, 4],
			"faces": {
				"north": {"uv": [7, 3, 9, 4], "rotation": 180, "texture": "#4"},
				"east": {"uv": [8, 3, 9, 5], "rotation": 90, "texture": "#4"},
				"south": {"uv": [7, 4, 9, 5], "texture": "#4"},
				"west": {"uv": [7, 3, 8, 5], "rotation": 270, "texture": "#4"},
				"up": {"uv": [7, 3, 9, 5], "texture": "#4"},
				"down": {"uv": [7, 5, 9, 3], "texture": "#4"}
			}
		},
		{
			"from": [4, 1, 3],
			"to": [6, 2, 5],
			"faces": {
				"north": {"uv": [5, 4, 7, 5], "rotation": 180, "texture": "#4"},
				"east": {"uv": [6, 4, 7, 6], "rotation": 90, "texture": "#4"},
				"south": {"uv": [5, 5, 7, 6], "texture": "#4"},
				"west": {"uv": [5, 4, 6, 6], "rotation": 270, "texture": "#4"},
				"up": {"uv": [5, 4, 7, 6], "texture": "#4"},
				"down": {"uv": [5, 6, 7, 4], "texture": "#4"}
			}
		},
		{
			"from": [2, 1, 6],
			"to": [4, 2, 8],
			"faces": {
				"north": {"uv": [3, 7, 5, 8], "rotation": 180, "texture": "#4"},
				"east": {"uv": [4, 7, 5, 9], "rotation": 90, "texture": "#4"},
				"south": {"uv": [3, 8, 5, 9], "texture": "#4"},
				"west": {"uv": [3, 7, 4, 9], "rotation": 270, "texture": "#4"},
				"up": {"uv": [3, 7, 5, 9], "texture": "#4"},
				"down": {"uv": [3, 7, 5, 9], "texture": "#4"}
			}
		},
		{
			"from": [3, 1, 4],
			"to": [5, 2, 6],
			"faces": {
				"north": {"uv": [4, 5, 6, 6], "rotation": 180, "texture": "#4"},
				"east": {"uv": [5, 5, 6, 7], "texture": "#4"},
				"south": {"uv": [4, 6, 6, 7], "texture": "#4"},
				"west": {"uv": [4, 5, 5, 7], "texture": "#4"},
				"up": {"uv": [4, 5, 6, 7], "texture": "#4"},
				"down": {"uv": [4, 5, 6, 7], "texture": "#4"}
			}
		},
		{
			"from": [1, 1, 8],
			"to": [3, 2, 16],
			"faces": {
				"north": {"uv": [1, 8, 3, 9], "texture": "#3"},
				"east": {"uv": [2, 8, 3, 16], "rotation": 90, "texture": "#3"},
				"south": {"uv": [1, 15, 3, 16], "texture": "#3"},
				"west": {"uv": [1, 8, 2, 16], "rotation": 270, "texture": "#3"},
				"up": {"uv": [1, 8, 3, 16], "texture": "#3"},
				"down": {"uv": [1, 8, 3, 16], "texture": "#3"}
			}
		},
		{
			"from": [13, 1, 14],
			"to": [15, 2, 16],
			"faces": {
				"north": {"uv": [13, 14, 15, 15], "rotation": 180, "texture": "#3"},
				"east": {"uv": [14, 14, 15, 16], "rotation": 90, "texture": "#3"},
				"south": {"uv": [13, 15, 15, 16], "texture": "#3"},
				"west": {"uv": [13, 14, 14, 16], "rotation": 270, "texture": "#3"},
				"up": {"uv": [13, 14, 15, 16], "texture": "#3"},
				"down": {"uv": [13, 16, 15, 14], "texture": "#3"}
			}
		}
	]
}