{
	"credit": "Made with Blockbench",
	"parent": "block/block",
	"texture_size": [64, 64],
	"textures": {
		"7": "block/furnaces/furnace/furnace_atlas",
		"particle": "block/furnaces/furnace/furnace_side"
	},
	"elements": [
		{
			"from": [0, 0, 0],
			"to": [16, 16, 16],
			"faces": {
				"north": {"uv": [0, 0, 4, 4], "texture": "#7"},
				"east": {"uv": [4, 0, 8, 4], "texture": "#7"},
				"south": {"uv": [4, 0, 8, 4], "texture": "#7"},
				"west": {"uv": [4, 0, 8, 4], "texture": "#7"},
				"up": {"uv": [4, 4, 8, 8], "texture": "#7"},
				"down": {"uv": [0, 4, 4, 8], "texture": "#7"}
			}
		},
		{
			"name": "bars",
			"from": [2, 9, 0],
			"to": [14, 9, 13],
			"faces": {
				"north": {"uv": [0, 0, 16, 16], "texture": "#7"},
				"east": {"uv": [0, 0, 16, 16], "texture": "#7"},
				"south": {"uv": [0, 0, 16, 16], "texture": "#7"},
				"west": {"uv": [0, 0, 16, 16], "texture": "#7"},
				"up": {"uv": [0.25, 11.25, 3.5, 14.25], "rotation": 90, "texture": "#7"},
				"down": {"uv": [0.25, 11.25, 3.5, 14.25], "rotation": 270, "texture": "#7"}
			}
		},
		{
			"name": "inverted",
			"from": [14, 1, 0],
			"to": [2, 14, 3],
			"faces": {
				"north": {"uv": [9.5, 11.25, 6.5, 14.5], "texture": "#7"},
				"east": {"uv": [0, 8, 0.75, 11.25], "texture": "#7"},
				"south": {"uv": [9.5, 8, 6.5, 11.25], "texture": "#7"},
				"west": {"uv": [0.75, 8, 0, 11.25], "texture": "#7"},
				"up": {"uv": [6.5, 10.25, 3.5, 11.25], "texture": "#7"},
				"down": {"uv": [6.5, 11.25, 3.5, 12], "texture": "#7"}
			}
		}
	],
	"display": {
		"thirdperson_righthand": {
			"rotation": [75, 45, 0],
			"translation": [0, 2.5, 0],
			"scale": [0.375, 0.375, 0.375]
		}
	}
}