{
	"credit": "Made by mo_shark",
	"texture_size": [18, 18],
	"textures": {
		"cable": "refinedstorage:block/cable/cable",
		"particle": "refinedstorage:block/cable/core"
	},
	"elements": [
		{
			"name": "cable",
			"from": [8, 6, 7],
			"to": [13, 10, 11],
			"faces": {
				"north": {"uv": [0.88889, 6.22222, 4.44444, 10.66667], "rotation": 270, "texture": "#cable"},
				"east": {"uv": [0.88889, 0.88889, 4.44444, 4.44444], "texture": "#cable"},
				"south": {"uv": [0.88889, 6.22222, 4.44444, 10.66667], "rotation": 90, "texture": "#cable"},
				"west": {"uv": [0.88889, 0.88889, 4.44444, 4.44444], "texture": "#cable"},
				"up": {"uv": [0.88889, 6.22222, 4.44444, 10.66667], "rotation": 90, "texture": "#cable"},
				"down": {"uv": [0.88889, 6.22222, 4.44444, 10.66667], "rotation": 90, "texture": "#cable"}
			}
		},
		{
			"name": "connection",
			"from": [13, 5, 6],
			"to": [14, 11, 12],
			"faces": {
				"north": {"uv": [6.22222, 0.88889, 7.11111, 6.22222], "texture": "#cable"},
				"east": {"uv": [7.11111, 0.88889, 12.44444, 6.22222], "texture": "#cable"},
				"south": {"uv": [12.44444, 0.88889, 13.33333, 6.22222], "texture": "#cable"},
				"west": {"uv": [7.11111, 0.88889, 12.44444, 6.22222], "texture": "#cable"},
				"up": {"uv": [7.11111, 0, 12.44444, 0.88889], "rotation": 270, "texture": "#cable"},
				"down": {"uv": [7.11111, 6.22222, 12.44444, 7.11111], "rotation": 90, "texture": "#cable"}
			}
		},
		{
			"name": "cable",
			"from": [3, 6, 7],
			"to": [8, 10, 11],
			"faces": {
				"north": {"uv": [0.88889, 6.22222, 4.44444, 10.66667], "rotation": 90, "texture": "#cable"},
				"east": {"uv": [0.88889, 0.88889, 4.44444, 4.44444], "texture": "#cable"},
				"south": {"uv": [0.88889, 6.22222, 4.44444, 10.66667], "rotation": 270, "texture": "#cable"},
				"west": {"uv": [0.88889, 0.88889, 4.44444, 4.44444], "texture": "#cable"},
				"up": {"uv": [0.88889, 6.22222, 4.44444, 10.66667], "rotation": 270, "texture": "#cable"},
				"down": {"uv": [0.88889, 6.22222, 4.44444, 10.66667], "rotation": 270, "texture": "#cable"}
			}
		},
		{
			"name": "connection",
			"from": [2, 5, 6],
			"to": [3, 11, 12],
			"faces": {
				"north": {"uv": [6.22222, 0.88889, 7.11111, 6.22222], "rotation": 180, "texture": "#cable"},
				"east": {"uv": [7.11111, 8, 12.44444, 13.33333], "texture": "#cable"},
				"south": {"uv": [12.44445, 0.88889, 13.33334, 6.22222], "rotation": 180, "texture": "#cable"},
				"west": {"uv": [7.11111, 0.88889, 12.44444, 6.22222], "texture": "#cable"},
				"up": {"uv": [7.11111, 0, 12.44444, 0.88889], "rotation": 90, "texture": "#cable"},
				"down": {"uv": [7.11111, 6.22222, 12.44444, 7.11111], "rotation": 270, "texture": "#cable"}
			}
		}
	],
	"display": {
		"thirdperson_righthand": {
			"rotation": [0, 90, 0],
			"scale": [0.75, 0.75, 0.75]
		},
		"thirdperson_lefthand": {
			"rotation": [0, 90, 0],
			"scale": [0.5, 0.5, 0.5]
		},
		"firstperson_righthand": {
			"rotation": [0, 90, 0],
			"scale": [0.5, 0.5, 0.5]
		},
		"firstperson_lefthand": {
			"rotation": [0, 90, 0],
			"scale": [0.5, 0.5, 0.5]
		},
		"ground": {
			"rotation": [0, 90, 0],
			"translation": [-0.5, 0, 0],
			"scale": [0.75, 0.75, 0.75]
		},
		"gui": {
			"rotation": [30, 130, 0],
			"scale": [0.75, 0.75, 0.75]
		},
		"head": {
			"rotation": [0, 90, 0],
			"scale": [0.5, 0.5, 0.5]
		},
		"fixed": {
			"rotation": [0, 90, 0]
		}
	},
	"groups": [
		{
			"name": "cable1",
			"origin": [8, 8, 8],
			"color": 0,
			"children": [0, 1]
		},
		{
			"name": "cable2",
			"origin": [8, 8, 8],
			"color": 0,
			"children": [2, 3]
		}
	]
}