{
	"credit": "Made by mo_shark",
	"textures": {
		"cable": "refinedstorage:block/cable/core",
		"particle": "refinedstorage:block/cable/particle"
	},
	"elements": [
		{
			"name": "core",
			"from": [6.005, 5.995, 5.995],
			"to": [10.004, 9.994, 9.994],
			"faces": {
				"north": {"uv": [6, 6, 10, 10], "rotation": 90, "texture": "#cable"},
				"east": {"uv": [6, 6, 10, 10], "rotation": 90, "texture": "#cable"},
				"south": {"uv": [6, 6, 10, 10], "rotation": 90, "texture": "#cable"},
				"west": {"uv": [6, 6, 10, 10], "rotation": 90, "texture": "#cable"},
				"up": {"uv": [6, 6, 10, 10], "rotation": 90, "texture": "#cable"},
				"down": {"uv": [6, 6, 10, 10], "rotation": 90, "texture": "#cable"}
			}
		}
	]
}