{
	"credit": "Made by mo_shark",
	"texture_size": [18, 18],
	"textures": {
		"cable": "refinedstorage:block/cable/cable",
		"particle": "refinedstorage:block/cable/particle"
	},
	"elements": [
		{
			"name": "cable",
			"from": [6, 6, 1],
			"to": [10, 10, 6],
			"faces": {
				"north": {"uv": [0.88889, 0.88889, 4.44444, 4.44444], "texture": "#cable"},
				"east": {"uv": [0.88889, 6.22222, 4.44444, 10.66667], "rotation": 90, "texture": "#cable"},
				"south": {"uv": [0.88889, 0.88889, 4.44444, 4.44444], "texture": "#cable"},
				"west": {"uv": [0.88889, 6.22222, 4.44444, 10.66667], "rotation": 270, "texture": "#cable"},
				"up": {"uv": [0.88889, 6.22222, 4.44444, 10.66667], "texture": "#cable"},
				"down": {"uv": [0.88889, 6.22222, 4.44444, 10.66667], "rotation": 180, "texture": "#cable"}
			}
		},
		{
			"name": "connection",
			"from": [5, 5, 0],
			"to": [11, 11, 1],
			"faces": {
				"north": {"uv": [7.11111, 0.88889, 12.44444, 6.22222], "texture": "#cable"},
				"east": {"uv": [6.22222, 0.88889, 7.11111, 6.22222], "texture": "#cable"},
				"south": {"uv": [7.11111, 8, 12.44444, 13.33333], "texture": "#cable"},
				"west": {"uv": [12.44444, 0.88889, 13.33333, 6.22222], "texture": "#cable"},
				"up": {"uv": [7.11111, 0, 12.44444, 0.88889], "texture": "#cable"},
				"down": {"uv": [7.11111, 6.22222, 12.44444, 7.11111], "texture": "#cable"}
			}
		}
	]
}