{
	"credit": "Made by mo_shark",
	"texture_size": [24, 24],
	"textures": {
		"0": "refinedstorage:block/importer_exporter",
		"particle": "refinedstorage:block/cable/particle"
	},
	"elements": [
		{
			"from": [6, 6, 0],
			"to": [10, 10, 2],
			"faces": {
				"north": {"uv": [2, 6, 4.66667, 8.66667], "rotation": 270, "texture": "#0"},
				"east": {"uv": [10.66667, 1.33333, 13.33333, 2.66667], "rotation": 270, "texture": "#0"},
				"west": {"uv": [10.66667, 1.33333, 13.33333, 2.66667], "rotation": 90, "texture": "#0"},
				"up": {"uv": [10.66667, 1.33333, 13.33333, 2.66667], "rotation": 180, "texture": "#0"},
				"down": {"uv": [10.66667, 1.33333, 13.33333, 2.66667], "texture": "#0"}
			}
		},
		{
			"from": [4, 4, 2],
			"to": [12, 12, 5],
			"faces": {
				"north": {"uv": [0.66667, 4.66667, 6, 10], "texture": "#0"},
				"east": {"uv": [0.66667, 0.66667, 6, 2.66667], "rotation": 90, "texture": "#0"},
				"south": {"uv": [0.66667, 4.66667, 6, 10], "texture": "#0"},
				"west": {"uv": [0.66667, 0.66667, 6, 2.66667], "rotation": 270, "texture": "#0"},
				"up": {"uv": [0.66667, 0.66667, 6, 2.66667], "texture": "#0"},
				"down": {"uv": [0.66667, 0.66667, 6, 2.66667], "rotation": 180, "texture": "#0"}
			}
		},
		{
			"from": [3, 3, 5],
			"to": [13, 13, 6],
			"faces": {
				"north": {"uv": [8.66667, 4, 15.33333, 10.66667], "texture": "#0"},
				"east": {"uv": [14.66667, 4, 15.33333, 10.66667], "texture": "#0"},
				"south": {"uv": [8.66667, 4, 15.33333, 10.66667], "texture": "#0"},
				"west": {"uv": [8.66667, 4, 9.33333, 10.66667], "texture": "#0"},
				"up": {"uv": [8.66667, 4, 15.33333, 4.66667], "texture": "#0"},
				"down": {"uv": [8.66667, 10, 15.33333, 10.66667], "texture": "#0"}
			}
		}
	]
}