{
	"credit": "Made by mo_shark",
	"parent": "block/block",
	"textures": {
		"particle": "refinedstorage:block/wireless_transmitter",
		"redstone_bridge": "refinedstorage:block/wireless_transmitter"
	},
	"elements": [
		{
			"from": [5, 0, 5],
			"to": [11, 3, 11],
			"faces": {
				"north": {"uv": [1, 8, 7, 11], "texture": "#redstone_bridge"},
				"east": {"uv": [1, 12, 7, 15], "texture": "#redstone_bridge"},
				"south": {"uv": [1, 8, 7, 11], "texture": "#redstone_bridge"},
				"west": {"uv": [1, 12, 7, 15], "texture": "#redstone_bridge"},
				"up": {"uv": [1, 1, 7, 7], "rotation": 270, "texture": "#redstone_bridge"},
				"down": {"uv": [8, 1, 14, 7], "rotation": 90, "texture": "#redstone_bridge"}
			}
		},
		{
			"name": "AntennaTop",
			"from": [4, 8, 6],
			"to": [5, 8, 7],
			"faces": {
				"south": {"uv": [0, 0, 0, 0], "texture": "#redstone_bridge"},
				"up": {"uv": [11, 8, 12, 9], "texture": "#redstone_bridge"}
			}
		},
		{
			"name": "AntennaZ",
			"from": [4, 0, 5],
			"to": [5, 9, 8],
			"faces": {
				"east": {"uv": [10, 7, 13, 16], "texture": "#redstone_bridge"},
				"west": {"uv": [10, 7, 13, 16], "texture": "#redstone_bridge"},
				"down": {"uv": [11, 7, 12, 10], "texture": "#redstone_bridge"}
			}
		},
		{
			"name": "AntennaX",
			"from": [3, 0, 6],
			"to": [6, 9, 7],
			"faces": {
				"north": {"uv": [10, 7, 13, 16], "texture": "#redstone_bridge"},
				"south": {"uv": [10, 7, 13, 16], "texture": "#redstone_bridge"},
				"down": {"uv": [10, 15, 13, 16], "texture": "#redstone_bridge"}
			}
		}
	],
	"display": {
		"thirdperson_righthand": {
			"rotation": [75, 45, 0],
			"translation": [0, 1.75, 3],
			"scale": [0.5, 0.5, 0.5]
		},
		"thirdperson_lefthand": {
			"rotation": [75, 45, 0],
			"translation": [0, 1.25, 3],
			"scale": [0.5, 0.5, 0.5]
		},
		"firstperson_righthand": {
			"rotation": [0, 45, 0],
			"translation": [0, 3.75, 1.25],
			"scale": [0.4, 0.4, 0.4]
		},
		"firstperson_lefthand": {
			"rotation": [0, 225, 0],
			"translation": [0, 4, 1.25],
			"scale": [0.4, 0.4, 0.4]
		},
		"ground": {
			"translation": [0, 3, 0],
			"scale": [0.5, 0.5, 0.5]
		},
		"gui": {
			"rotation": [30, 225, 0],
			"translation": [0, 3.75, 0]
		},
		"fixed": {
			"scale": [0.5, 0.5, 0.5]
		}
	}
}