{"stats":{"minecraft:killed":{"minecraft:zombie":1,"irons_spellbooks:summoned_skeleton":1,"irons_spellbooks:summoned_zombie":2},"minecraft:custom":{"minecraft:time_since_rest":10003,"minecraft:interact_with_smithing_table":2,"minecraft:crouch_one_cm":34,"minecraft:play_time":10003,"minecraft:sprint_one_cm":12444,"minecraft:damage_taken":184,"minecraft:walk_one_cm":26630,"minecraft:sneak_time":337,"minecraft:mob_kills":4,"minecraft:interact_with_anvil":1,"minecraft:drop":1,"minecraft:jump":101,"minecraft:damage_dealt":861,"minecraft:time_since_death":10003,"minecraft:total_world_time":10920,"minecraft:fall_one_cm":880,"minecraft:fly_one_cm":24857},"minecraft:used":{"minecraft:anvil":1,"minecraft:smithing_table":1,"minecraft:stone":12,"simplyswords:iron_longsword":12,"minecraft:zombie_spawn_egg":1,"minecraft:iron_boots":1,"simplyswords:emberblade":3},"minecraft:picked_up":{"minecraft:rotten_flesh":1},"minecraft:dropped":{"minecraft:rotten_flesh":1}},"DataVersion":3465}