{
  "minecraft:recipes/building_blocks/stone_bricks": {
    "criteria": {
      "has_stone": "2023-10-25 20:55:27 -0700"
    },
    "done": true
  },
  "create:root": {
    "criteria": {
      "0": "2023-10-25 20:50:37 -0700"
    },
    "done": true
  },
  "handcrafted:recipes/misc/creeper_trophy": {
    "criteria": {
      "has_creeper_trophy": "2023-10-25 20:55:27 -0700"
    },
    "done": true
  },
  "minecraft:recipes/building_blocks/stone_bricks_from_stone_stonecutting": {
    "criteria": {
      "has_stone": "2023-10-25 20:55:27 -0700"
    },
    "done": true
  },
  "simplyswords:grant_book_on_first_join": {
    "criteria": {
      "tick": "2023-10-25 20:50:37 -0700"
    },
    "done": true
  },
  "minecraft:recipes/building_blocks/stone_slab": {
    "criteria": {
      "has_stone": "2023-10-25 20:55:27 -0700"
    },
    "done": true
  },
  "aether:recipes/tools/stone_pickaxe_repairing": {
    "criteria": {
      "has_stone_pickaxe": "2023-10-25 20:50:37 -0700"
    },
    "done": true
  },
  "davespotioneering:recipes/brewing/compound_brewing_stand": {
    "criteria": {
      "has_shield": "2023-10-25 20:50:37 -0700"
    },
    "done": true
  },
  "davespotioneering:recipes/tools/red_umbrella": {
    "criteria": {
      "has_shield": "2023-10-25 20:50:37 -0700"
    },
    "done": true
  },
  "minecraft:recipes/decorations/crafting_table": {
    "criteria": {
      "unlock_right_away": "2023-10-25 20:50:37 -0700"
    },
    "done": true
  },
  "minecraft:recipes/decorations/chest": {
    "criteria": {
      "has_lots_of_items": "2023-10-25 20:50:37 -0700"
    },
    "done": true
  },
  "minecraft:recipes/searchlight": {
    "criteria": {
      "exists": "2023-10-25 20:50:37 -0700"
    },
    "done": true
  },
  "minecraft:recipes/building_blocks/stone_stairs_from_stone_stonecutting": {
    "criteria": {
      "has_stone": "2023-10-25 20:55:27 -0700"
    },
    "done": true
  },
  "minecraft:adventure/kill_all_mobs": {
    "criteria": {
      "minecraft:zombie": "2023-10-25 20:58:07 -0700"
    },
    "done": false
  },
  "astikorcarts:recipes/supply_cart": {
    "criteria": {
      "has_wheel": "2023-10-25 20:50:37 -0700"
    },
    "done": true
  },
  "beautify:progression/root": {
    "criteria": {
      "Install": "2023-10-25 20:50:37 -0700"
    },
    "done": true
  },
  "minecraft:recipes/redstone/stone_button": {
    "criteria": {
      "has_stone": "2023-10-25 20:55:27 -0700"
    },
    "done": true
  },
  "minecraft:recipes/redstone/stone_pressure_plate": {
    "criteria": {
      "has_stone": "2023-10-25 20:55:27 -0700"
    },
    "done": true
  },
  "aether:recipes/combat/leather_boots_repairing": {
    "criteria": {
      "has_leather_boots": "2023-10-25 20:50:37 -0700"
    },
    "done": true
  },
  "aether:recipes/combat/shield_repairing": {
    "criteria": {
      "has_shield": "2023-10-25 20:50:37 -0700"
    },
    "done": true
  },
  "davespotioneering:recipes/tools/blue_umbrella": {
    "criteria": {
      "has_shield": "2023-10-25 20:50:37 -0700"
    },
    "done": true
  },
  "irons_spellbooks:grant_patchouli": {
    "criteria": {
      "tick": "2023-10-25 20:50:37 -0700"
    },
    "done": true
  },
  "davespotioneering:recipes/tools/gilded_umbrella": {
    "criteria": {
      "has_shield": "2023-10-25 20:50:37 -0700"
    },
    "done": true
  },
  "astikorcarts:recipes/plow": {
    "criteria": {
      "has_wheel": "2023-10-25 20:50:37 -0700"
    },
    "done": true
  },
  "overweight_farming:recipes/apply_violent_fullmetal_directly_to_compost": {
    "criteria": {
      "has_rotten_flesh": "2023-10-25 20:58:14 -0700"
    },
    "done": true
  },
  "handcrafted:recipes/misc/vindicator_trophy": {
    "criteria": {
      "has_vindicator_trophy": "2023-10-25 20:55:27 -0700"
    },
    "done": true
  },
  "davespotioneering:recipes/tools/white_umbrella": {
    "criteria": {
      "has_shield": "2023-10-25 20:50:37 -0700"
    },
    "done": true
  },
  "handcrafted:recipes/misc/evoker_trophy": {
    "criteria": {
      "has_evoker_trophy": "2023-10-25 20:55:27 -0700"
    },
    "done": true
  },
  "minecraft:adventure/root": {
    "criteria": {
      "killed_something": "2023-10-25 20:53:22 -0700"
    },
    "done": true
  },
  "davespotioneering:recipes/tools/cyan_umbrella": {
    "criteria": {
      "has_shield": "2023-10-25 20:50:37 -0700"
    },
    "done": true
  },
  "betterdungeons:root": {
    "criteria": {
      "always": "2023-10-25 20:50:37 -0700"
    },
    "done": true
  },
  "davespotioneering:recipes/tools/light_blue_umbrella": {
    "criteria": {
      "has_shield": "2023-10-25 20:50:37 -0700"
    },
    "done": true
  },
  "handcrafted:recipes/misc/pillager_trophy": {
    "criteria": {
      "has_pillager_trophy": "2023-10-25 20:55:27 -0700"
    },
    "done": true
  },
  "davespotioneering:recipes/tools/green_umbrella": {
    "criteria": {
      "has_shield": "2023-10-25 20:50:37 -0700"
    },
    "done": true
  },
  "handcrafted:recipes/misc/skeleton_trophy": {
    "criteria": {
      "has_skeleton_trophy": "2023-10-25 20:55:27 -0700"
    },
    "done": true
  },
  "supplementaries:recipes/stone_lamp": {
    "criteria": {
      "has_stone": "2023-10-25 20:55:27 -0700"
    },
    "done": true
  },
  "simplyswords:emberblade": {
    "criteria": {
      "requirement": "2023-10-25 20:56:27 -0700"
    },
    "done": true
  },
  "davespotioneering:recipes/tools/orange_umbrella": {
    "criteria": {
      "has_shield": "2023-10-25 20:50:37 -0700"
    },
    "done": true
  },
  "minecraft:recipes/building_blocks/stone_stairs": {
    "criteria": {
      "has_stone": "2023-10-25 20:55:27 -0700"
    },
    "done": true
  },
  "davespotioneering:recipes/tools/yellow_umbrella": {
    "criteria": {
      "has_shield": "2023-10-25 20:50:37 -0700"
    },
    "done": true
  },
  "farmersdelight:recipes/cooking/dog_food": {
    "criteria": {
      "has_any_ingredient": "2023-10-25 20:58:14 -0700"
    },
    "done": true
  },
  "minecraft:story/obtain_armor": {
    "criteria": {
      "iron_boots": "2023-10-25 20:54:14 -0700"
    },
    "done": true
  },
  "handcrafted:recipes/misc/stone_corner_trim": {
    "criteria": {
      "has_stone_corner_trim": "2023-10-25 20:55:27 -0700"
    },
    "done": true
  },
  "minecraft:recipes/misc/iron_nugget_from_smelting": {
    "criteria": {
      "has_iron_boots": "2023-10-25 20:54:14 -0700"
    },
    "done": true
  },
  "davespotioneering:recipes/tools/magenta_umbrella": {
    "criteria": {
      "has_shield": "2023-10-25 20:50:37 -0700"
    },
    "done": true
  },
  "davespotioneering:recipes/tools/lime_umbrella": {
    "criteria": {
      "has_shield": "2023-10-25 20:50:37 -0700"
    },
    "done": true
  },
  "lootr:root": {
    "criteria": {
      "always_true": "2023-10-25 20:50:37 -0700"
    },
    "done": true
  },
  "minecraft:recipes/decorations/stonecutter": {
    "criteria": {
      "has_stone": "2023-10-25 20:55:27 -0700"
    },
    "done": true
  },
  "minecraft:recipes/building_blocks/smooth_stone": {
    "criteria": {
      "has_stone": "2023-10-25 20:55:27 -0700"
    },
    "done": true
  },
  "betterdeserttemples:root": {
    "criteria": {
      "always": "2023-10-25 20:50:37 -0700"
    },
    "done": true
  },
  "davespotioneering:recipes/tools/light_gray_umbrella": {
    "criteria": {
      "has_shield": "2023-10-25 20:50:37 -0700"
    },
    "done": true
  },
  "minecraft:recipes/decorations/stone_brick_walls_from_stone_stonecutting": {
    "criteria": {
      "has_stone": "2023-10-25 20:55:27 -0700"
    },
    "done": true
  },
  "decorative_blocks:recipes/decorative_blocks.general/stone_pillar": {
    "criteria": {
      "has_stone": "2023-10-25 20:55:27 -0700"
    },
    "done": true
  },
  "aether:recipes/combat/iron_leggings_repairing": {
    "criteria": {
      "has_iron_leggings": "2023-10-25 20:54:21 -0700"
    },
    "done": true
  },
  "minecraft:recipes/decorations/torch": {
    "criteria": {
      "has_stone_pickaxe": "2023-10-25 20:50:37 -0700"
    },
    "done": true
  },
  "minecraft:recipes/building_blocks/stone_brick_slab_from_stone_stonecutting": {
    "criteria": {
      "has_stone": "2023-10-25 20:55:27 -0700"
    },
    "done": true
  },
  "davespotioneering:recipes/tools/gray_umbrella": {
    "criteria": {
      "has_shield": "2023-10-25 20:50:37 -0700"
    },
    "done": true
  },
  "minecraft:recipes/building_blocks/stone_brick_stairs_from_stone_stonecutting": {
    "criteria": {
      "has_stone": "2023-10-25 20:55:27 -0700"
    },
    "done": true
  },
  "astikorcarts:recipes/animal_cart": {
    "criteria": {
      "has_wheel": "2023-10-25 20:50:37 -0700"
    },
    "done": true
  },
  "minecraft:recipes/decorations/stone_brick_chimney": {
    "criteria": {
      "has_stone": "2023-10-25 20:55:27 -0700"
    },
    "done": true
  },
  "davespotioneering:recipes/tools/black_umbrella": {
    "criteria": {
      "has_shield": "2023-10-25 20:50:37 -0700"
    },
    "done": true
  },
  "minecraft:recipes/building_blocks/stone_slab_from_stone_stonecutting": {
    "criteria": {
      "has_stone": "2023-10-25 20:55:27 -0700"
    },
    "done": true
  },
  "handcrafted:recipes/misc/witch_trophy": {
    "criteria": {
      "has_witch_trophy": "2023-10-25 20:55:27 -0700"
    },
    "done": true
  },
  "farmersdelight:main/root": {
    "criteria": {
      "seeds": "2023-10-25 20:50:37 -0700"
    },
    "done": true
  },
  "minecraft:story/upgrade_tools": {
    "criteria": {
      "stone_pickaxe": "2023-10-25 20:50:37 -0700"
    },
    "done": true
  },
  "davespotioneering:recipes/tools/purple_umbrella": {
    "criteria": {
      "has_shield": "2023-10-25 20:50:37 -0700"
    },
    "done": true
  },
  "aether:recipes/decorations/skyroot_chest": {
    "criteria": {
      "has_lots_of_items": "2023-10-25 20:50:37 -0700"
    },
    "done": true
  },
  "minecraft:recipes/building_blocks/chiseled_stone_bricks_stone_from_stonecutting": {
    "criteria": {
      "has_stone": "2023-10-25 20:55:27 -0700"
    },
    "done": true
  },
  "handcrafted:recipes/misc/stone_pillar_trim": {
    "criteria": {
      "has_stone_pillar_trim": "2023-10-25 20:55:27 -0700"
    },
    "done": true
  },
  "farmersdelight:recipes/building_blocks/organic_compost_from_rotten_flesh": {
    "criteria": {
      "has_rotten_flesh": "2023-10-25 20:58:14 -0700"
    },
    "done": true
  },
  "minecraft:recipes/misc/iron_nugget_from_blasting": {
    "criteria": {
      "has_iron_boots": "2023-10-25 20:54:14 -0700"
    },
    "done": true
  },
  "minecraft:adventure/kill_a_mob": {
    "criteria": {
      "minecraft:zombie": "2023-10-25 20:58:07 -0700"
    },
    "done": true
  },
  "minecraft:adventure/adventuring_time": {
    "criteria": {
      "minecraft:river": "2023-10-25 20:53:40 -0700"
    },
    "done": false
  },
  "aether:recipes/tools/stone_axe_repairing": {
    "criteria": {
      "has_stone_axe": "2023-10-25 20:50:37 -0700"
    },
    "done": true
  },
  "davespotioneering:recipes/tools/brown_umbrella": {
    "criteria": {
      "has_shield": "2023-10-25 20:50:37 -0700"
    },
    "done": true
  },
  "davespotioneering:recipes/tools/aged_umbrella": {
    "criteria": {
      "has_shield": "2023-10-25 20:50:37 -0700"
    },
    "done": true
  },
  "davespotioneering:recipes/tools/pink_umbrella": {
    "criteria": {
      "has_shield": "2023-10-25 20:50:37 -0700"
    },
    "done": true
  },
  "aether:recipes/combat/iron_boots_repairing": {
    "criteria": {
      "has_iron_boots": "2023-10-25 20:54:14 -0700"
    },
    "done": true
  },
  "DataVersion": 3465
}