{
	"credit": "Made with Blockbench",
	"textures": {
		"0": "cgm:items/short_scope",
		"particle": "short_scope"
	},
	"elements": [
		{
			"name": "Base",
			"from": [6.749, 7.624, 4.499],
			"to": [9.251, 8.626, 7.001],
			"rotation": {"angle": 0, "axis": "y", "origin": [8, 7.625, 6.25]},
			"faces": {
				"north": {"uv": [6, 6, 8.5, 7], "texture": "#0"},
				"east": {"uv": [0, 6, 2.5, 7], "texture": "#0"},
				"south": {"uv": [0, 7, 2.5, 8], "texture": "#0"},
				"west": {"uv": [3, 6, 5.5, 7], "texture": "#0"},
				"up": {"uv": [2.5, 2.5, 0, 0], "texture": "#0"},
				"down": {"uv": [2.5, 3, 0, 5.5], "texture": "#0"}
			}
		},
		{
			"name": "Tube",
			"from": [7.249, 8.624, 4.999],
			"to": [8.751, 10.126, 6.501],
			"rotation": {"angle": 0, "axis": "y", "origin": [8.5, 8, 6.25]},
			"faces": {
				"north": {"uv": [3, 0.5, 4.5, 2], "texture": "#0"},
				"east": {"uv": [3, 3.5, 4.5, 5], "texture": "#0"},
				"south": {"uv": [5, 0.5, 6.5, 2], "texture": "#0"},
				"west": {"uv": [5, 3.5, 6.5, 5], "texture": "#0"},
				"up": {"uv": [8.5, 3.5, 7, 2], "texture": "#0"}
			}
		},
		{
			"name": "Tube_Base",
			"from": [7.25, 8.125, 5],
			"to": [8.75, 8.625, 6.5],
			"rotation": {"angle": 0, "axis": "y", "origin": [1.75, -1.875, -1]},
			"faces": {
				"north": {"uv": [1.5, 13.5, 3, 14], "texture": "#0"},
				"east": {"uv": [3, 13.5, 4.5, 14], "texture": "#0"},
				"south": {"uv": [4.5, 13.5, 6, 14], "texture": "#0"},
				"west": {"uv": [0, 13.5, 1.5, 14], "texture": "#0"},
				"up": {"uv": [1.5, 12, 3, 13.5], "texture": "#0"},
				"down": {"uv": [1.5, 14, 3, 15.5], "texture": "#0"}
			}
		},
		{
			"name": "Brace_Back_Right",
			"from": [9.249, 7.624, 5.999],
			"to": [9.751, 9.126, 6.501],
			"rotation": {"angle": 0, "axis": "y", "origin": [-0.25, 0.625, 1]},
			"faces": {
				"north": {"uv": [3, 7, 3.5, 8.5], "texture": "#0"},
				"east": {"uv": [4, 7, 4.5, 8.5], "texture": "#0"},
				"south": {"uv": [5, 7, 5.5, 8.5], "texture": "#0"},
				"west": {"uv": [6, 7, 6.5, 8.5], "texture": "#0"},
				"up": {"uv": [10.5, 5.5, 10, 5], "texture": "#0"},
				"down": {"uv": [10.5, 10, 10, 10.5], "texture": "#0"}
			}
		},
		{
			"name": "Brace_Cross_BackRight",
			"from": [8.749, 8.624, 5.999],
			"to": [9.251, 9.126, 6.501],
			"rotation": {"angle": 0, "axis": "y", "origin": [-0.05, 0.125, 0]},
			"faces": {
				"north": {"uv": [12.5, 0.5, 13, 1], "texture": "#0"},
				"east": {"uv": [13, 0.5, 13.5, 1], "texture": "#0"},
				"south": {"uv": [12.5, 1.5, 13, 2], "texture": "#0"},
				"west": {"uv": [12, 0.5, 12.5, 1], "texture": "#0"},
				"up": {"uv": [12.5, 0, 13, 0.5], "texture": "#0"},
				"down": {"uv": [12.5, 1, 13, 1.5], "texture": "#0"}
			}
		},
		{
			"name": "Brace_Back_Left",
			"from": [6.249, 7.624, 5.999],
			"to": [6.751, 9.126, 6.501],
			"rotation": {"angle": 0, "axis": "y", "origin": [-0.25, 0.625, 1]},
			"faces": {
				"north": {"uv": [7, 8, 7.5, 9.5], "texture": "#0"},
				"east": {"uv": [8, 8, 8.5, 9.5], "texture": "#0"},
				"south": {"uv": [0, 9, 0.5, 10.5], "texture": "#0"},
				"west": {"uv": [1, 9, 1.5, 10.5], "texture": "#0"},
				"up": {"uv": [11.5, 2.5, 11, 2], "texture": "#0"},
				"down": {"uv": [11.5, 4, 11, 4.5], "texture": "#0"}
			}
		},
		{
			"name": "Brace_Cross_BackLeft",
			"from": [6.749, 8.624, 5.999],
			"to": [7.251, 9.126, 6.501],
			"rotation": {"angle": 0, "axis": "y", "origin": [-0.05, 0.125, 0]},
			"faces": {
				"north": {"uv": [14.5, 0.5, 15, 1], "texture": "#0"},
				"east": {"uv": [15, 0.5, 15.5, 1], "texture": "#0"},
				"south": {"uv": [14.5, 1.5, 15, 2], "texture": "#0"},
				"west": {"uv": [14, 0.5, 14.5, 1], "texture": "#0"},
				"up": {"uv": [14.5, 0, 15, 0.5], "texture": "#0"},
				"down": {"uv": [14.5, 1, 15, 1.5], "texture": "#0"}
			}
		},
		{
			"name": "Brace_Front_Right",
			"from": [9.249, 7.624, 4.999],
			"to": [9.751, 9.126, 5.501],
			"rotation": {"angle": 0, "axis": "y", "origin": [-0.25, 0.625, 1]},
			"faces": {
				"north": {"uv": [2, 9, 2.5, 10.5], "texture": "#0"},
				"east": {"uv": [9, 8, 9.5, 9.5], "texture": "#0"},
				"south": {"uv": [10, 0, 10.5, 1.5], "texture": "#0"},
				"west": {"uv": [3, 10, 3.5, 11.5], "texture": "#0"},
				"up": {"uv": [11.5, 5.5, 11, 5], "texture": "#0"},
				"down": {"uv": [7.5, 11, 7, 11.5], "texture": "#0"}
			}
		},
		{
			"name": "Brace_Cross_FrontRight",
			"from": [8.749, 8.624, 4.999],
			"to": [9.251, 9.126, 5.501],
			"rotation": {"angle": 0, "axis": "y", "origin": [-0.05, 0.125, 0]},
			"faces": {
				"north": {"uv": [12.5, 2.5, 13, 3], "texture": "#0"},
				"east": {"uv": [13, 3, 13.5, 3.5], "texture": "#0"},
				"south": {"uv": [12.5, 4, 13, 4.5], "texture": "#0"},
				"west": {"uv": [12, 3, 12.5, 3.5], "texture": "#0"},
				"up": {"uv": [12.5, 3, 13, 3.5], "texture": "#0"},
				"down": {"uv": [12.5, 3.5, 13, 4], "texture": "#0"}
			}
		},
		{
			"name": "Brace_Front_Left",
			"from": [6.249, 7.624, 4.999],
			"to": [6.751, 9.126, 5.501],
			"rotation": {"angle": 0, "axis": "y", "origin": [-0.25, 0.625, 1]},
			"faces": {
				"north": {"uv": [4, 10, 4.5, 11.5], "texture": "#0"},
				"east": {"uv": [5, 10, 5.5, 11.5], "texture": "#0"},
				"south": {"uv": [6, 10, 6.5, 11.5], "texture": "#0"},
				"west": {"uv": [10, 7, 10.5, 8.5], "texture": "#0"},
				"up": {"uv": [11.5, 7.5, 11, 7], "texture": "#0"},
				"down": {"uv": [8.5, 11, 8, 11.5], "texture": "#0"}
			}
		},
		{
			"name": "Brace_Cross_FrontLeft",
			"from": [6.749, 8.624, 4.999],
			"to": [7.251, 9.126, 5.501],
			"rotation": {"angle": 0, "axis": "y", "origin": [-0.05, 0.125, 0]},
			"faces": {
				"north": {"uv": [14.5, 3, 15, 3.5], "texture": "#0"},
				"east": {"uv": [15, 3, 15.5, 3.5], "texture": "#0"},
				"south": {"uv": [14.5, 4, 15, 4.5], "texture": "#0"},
				"west": {"uv": [14, 3, 14.5, 3.5], "texture": "#0"},
				"up": {"uv": [14.5, 2.5, 15, 3], "texture": "#0"},
				"down": {"uv": [14.5, 3.5, 15, 4], "texture": "#0"}
			}
		},
		{
			"name": "Dot",
			"from": [7.95, 9.325, 5.7],
			"to": [8.05, 9.425, 5.8],
			"rotation": {"angle": 0, "axis": "y", "origin": [9.85, -1.875, 6.9]},
			"faces": {
				"north": {"uv": [12, 9, 12.5, 9.5], "texture": "#0"},
				"east": {"uv": [13, 9.5, 12.5, 10], "texture": "#0"},
				"south": {"uv": [12, 10, 12.5, 10.5], "texture": "#0"},
				"west": {"uv": [11.5, 9.5, 12, 10], "texture": "#0"},
				"up": {"uv": [12.5, 8.5, 12, 9], "texture": "#0"},
				"down": {"uv": [12.5, 9.5, 12, 10], "texture": "#0"}
			}
		}
	],
	"display": {
		"thirdperson_righthand": {
			"translation": [0, 0, 3]
		},
		"thirdperson_lefthand": {
			"translation": [0, 0, 3]
		},
		"firstperson_righthand": {
			"translation": [0, 0, 3.5]
		},
		"firstperson_lefthand": {
			"translation": [0, 0, 3.5]
		},
		"ground": {
			"translation": [0, -4, 3],
			"scale": [1.5, 1.5, 1.5]
		},
		"gui": {
			"rotation": [30, -105, 0],
			"translation": [-5, -3.75, 0],
			"scale": [3, 3, 3]
		},
		"fixed": {
			"translation": [0, -5.75, 7],
			"scale": [4, 4, 4]
		}
	},
	"groups": [
		{
			"name": "short_scope",
			"origin": [8, 8, 8],
			"color": 0,
			"children": [0, 1, 2, 3, 4, 5, 6, 7, 8, 9, 10, 11]
		}
	]
}