{
	"credit": "Made by mo_shark",
	"textures": {
		"side": "refinedstorage:block/computer/side",
		"keyboard": "refinedstorage:block/computer/keyboard",
		"particle": "refinedstorage:block/machine_casing",
		"case": "refinedstorage:block/machine_casing",
		"cutout": "#cutout"
	},
	"elements": [
		{
			"name": "top_frame",
			"from": [0, 13, 1],
			"to": [16, 16, 16],
			"faces": {
				"east": {"uv": [0, 0, 15, 3], "texture": "#side"},
				"south": {"uv": [0, 0, 16, 3], "texture": "#case"},
				"west": {"uv": [1, 0, 16, 3], "texture": "#side", "cullface": "west"},
				"up": {"uv": [0, 0, 16, 16], "texture": "#case"},
				"down": {"uv": [0, 0, 16, 15], "texture": "#case", "cullface": "down"}
			}
		},
		{
			"name": "bottom_frame",
			"from": [0, 0, 0],
			"to": [16, 4, 16],
			"faces": {
				"north": {"uv": [0, 12, 16, 16], "texture": "#case"},
				"east": {"uv": [0, 12, 16, 16], "texture": "#side"},
				"south": {"uv": [0, 12, 16, 16], "texture": "#case", "cullface": "south"},
				"west": {"uv": [0, 12, 16, 16], "texture": "#side", "cullface": "west"},
				"up": {"uv": [0, 0, 16, 16], "texture": "#case"},
				"down": {"uv": [0, 0, 16, 16], "texture": "#case"}
			}
		},
		{
			"name": "right_frame",
			"from": [0, 4, 0],
			"to": [3, 13, 16],
			"faces": {
				"north": {"uv": [13, 3, 16, 12], "texture": "#case"},
				"east": {"uv": [0, 3, 16, 12], "texture": "#case"},
				"south": {"uv": [0, 3, 3, 12], "texture": "#case", "cullface": "south"},
				"west": {"uv": [0, 3, 16, 12], "texture": "#side", "cullface": "west"},
				"up": {"uv": [0, 0, 3, 16], "texture": "#case"},
				"down": {"uv": [0, 0, 3, 16], "texture": "#case"}
			}
		},
		{
			"name": "left_frame",
			"from": [13, 4, 0],
			"to": [16, 13, 16],
			"faces": {
				"north": {"uv": [0, 4, 3, 13], "texture": "#case"},
				"east": {"uv": [0, 3, 16, 12], "texture": "#side"},
				"south": {"uv": [13, 3, 16, 12], "texture": "#case", "cullface": "south"},
				"west": {"uv": [0, 3, 16, 12], "texture": "#case"},
				"up": {"uv": [0, 0, 3, 16], "texture": "#case"},
				"down": {"uv": [0, 0, 3, 16], "texture": "#case"}
			}
		},
		{
			"name": "main",
			"from": [3, 4, 2],
			"to": [13, 13, 16],
			"faces": {
				"east": {"uv": [0, 0, 14, 9], "texture": "#case"},
				"south": {"uv": [3, 3, 13, 12], "texture": "#case"},
				"west": {"uv": [0, 0, 14, 9], "texture": "#case"},
				"up": {"uv": [0, 0, 10, 14], "texture": "#case"},
				"down": {"uv": [0, 0, 10, 14], "texture": "#case", "cullface": "down"}
			}
		},
		{
			"name": "keyboard",
			"from": [3, 4.4, 0.05],
			"to": [13, 4.4, 4],
			"rotation": {"angle": -22.5, "axis": "x", "origin": [8, 4, 1]},
			"faces": {
				"up": {"uv": [3, 0, 13, 2.95], "rotation": 180, "texture": "#keyboard"}
			}
		},
		{
			"name": "cutout",
			"from": [3, 4, 1.95],
			"to": [13, 13, 1.95],
			"rotation": {"angle": 0, "axis": "x", "origin": [8, 9, 0]},
			"faces": {
				"north": {"uv": [3, 3, 13, 12], "texture": "#cutout"}
			}
		},
		{
			"from": [0, 13, 0],
			"to": [3, 16, 1],
			"faces": {
				"north": {"uv": [13, 0, 16, 3], "texture": "#case"},
				"east": {"uv": [15, 0, 16, 3], "texture": "#case"},
				"west": {"uv": [0, 0, 1, 3], "texture": "#side", "cullface": "west"},
				"up": {"uv": [13, 15, 16, 16], "texture": "#case"}
			}
		},
		{
			"from": [13, 13, 0],
			"to": [16, 16, 1],
			"faces": {
				"north": {"uv": [0, 0, 3, 3], "texture": "#case"},
				"east": {"uv": [15, 0, 16, 3], "texture": "#side"},
				"west": {"uv": [0, 0, 1, 3], "texture": "#case"},
				"up": {"uv": [0, 15, 3, 16], "texture": "#case"}
			}
		},
		{
			"from": [3, 15, 0],
			"to": [13, 16, 1],
			"faces": {
				"north": {"uv": [3, 0, 13, 1], "texture": "#case"},
				"up": {"uv": [3, 15, 13, 16], "texture": "#case"},
				"down": {"uv": [0, 0, 0, 0], "texture": "#case"}
			}
		},
		{
			"from": [3, 12.2, 0.875],
			"to": [13, 14.95, 1.875],
			"rotation": {"angle": -22.5, "axis": "x", "origin": [8, 13, 0]},
			"faces": {
				"north": {"uv": [3, 1, 13, 3], "texture": "#case"},
				"down": {"uv": [3, 0, 13, 1], "texture": "#case"}
			}
		}
	],
	"display": {
		"thirdperson_righthand": {
			"rotation": [75, 45, 0],
			"translation": [0, 2.5, 0],
			"scale": [0.375, 0.375, 0.375]
		},
		"thirdperson_lefthand": {
			"rotation": [75, 45, 0],
			"translation": [0, 2.5, 0],
			"scale": [0.375, 0.375, 0.375]
		},
		"firstperson_righthand": {
			"rotation": [0, 45, 0],
			"scale": [0.4, 0.4, 0.4]
		},
		"firstperson_lefthand": {
			"rotation": [0, 225, 0],
			"scale": [0.4, 0.4, 0.4]
		},
		"ground": {
			"translation": [0, 3, 0],
			"scale": [0.25, 0.25, 0.25]
		},
		"gui": {
			"rotation": [30, 225, 0],
			"scale": [0.625, 0.625, 0.625]
		},
		"fixed": {
			"scale": [0.5, 0.5, 0.5]
		}
	},
	"groups": [
		0,
		1,
		2,
		3,
		4,
		5,
		6,
		{
			"name": "north_face",
			"origin": [8, 8, 8],
			"color": 0,
			"children": [7, 8, 9, 10]
		}
	]
}