{
	"credit": "Made by mo_shark",
	"texture_size": [18, 18],
	"textures": {
		"cable": "refinedstorage:block/cable/cable",
		"sides": "refinedstorage:block/constructor_destructor",
		"#face": "refinedstorage:block/destructor",
		"particle": "refinedstorage:block/cable/particle"
	},
	"elements": [
		{
			"name": "thing",
			"from": [2, 2, 0],
			"to": [14, 14, 2],
			"faces": {
				"north": {"uv": [2, 2, 14, 14], "texture": "##face"},
				"east": {"uv": [12, 2, 14, 14], "texture": "#sides"},
				"south": {"uv": [2, 2, 14, 14], "texture": "#sides"},
				"west": {"uv": [2, 2, 4, 14], "texture": "#sides"},
				"up": {"uv": [2, 2, 14, 4], "texture": "#sides"},
				"down": {"uv": [2, 12, 14, 14], "texture": "#sides"}
			}
		},
		{
			"name": "cable",
			"from": [6, 6, 3],
			"to": [10, 10, 6],
			"faces": {
				"north": {"uv": [0.88889, 0.88889, 4.44444, 4.44444], "texture": "#cable"},
				"east": {"uv": [0.88889, 6.22222, 4.44444, 8.88889], "rotation": 90, "texture": "#cable"},
				"south": {"uv": [0.88889, 0.88889, 4.44444, 4.44444], "texture": "#cable"},
				"west": {"uv": [0.88889, 6.22222, 4.44444, 8.88889], "rotation": 90, "texture": "#cable"},
				"up": {"uv": [0.88889, 6.22222, 4.44444, 8.88889], "texture": "#cable"},
				"down": {"uv": [0.88889, 6.22222, 4.44444, 8.88889], "texture": "#cable"}
			}
		},
		{
			"name": "connection",
			"from": [5, 5, 2],
			"to": [11, 11, 3],
			"faces": {
				"north": {"uv": [7.11111, 0, 12.44444, 5.33333], "texture": "#cable"},
				"east": {"uv": [12.44444, 0.88889, 13.33333, 6.22222], "texture": "#cable"},
				"south": {"uv": [7.11111, 0.88889, 12.44444, 6.22222], "texture": "#cable"},
				"west": {"uv": [6.22222, 0.88889, 7.11111, 6.22222], "texture": "#cable"},
				"up": {"uv": [7.11111, 0, 12.44444, 0.88889], "texture": "#cable"},
				"down": {"uv": [7.11111, 6.22222, 12.44444, 7.11111], "texture": "#cable"}
			}
		}
	],
	"groups": [
		0,
		{
			"name": "cable",
			"origin": [8, 8, 8],
			"color": 0,
			"children": []
		},
		1,
		2
	]
}