{
  "minecraft:nether/explore_nether": {
    "criteria": {
      "minecraft:crimson_forest": "2023-10-23 01:43:18 -0700",
      "minecraft:nether_wastes": "2023-10-23 01:43:12 -0700"
    },
    "done": false
  },
  "create:root": {
    "criteria": {
      "0": "2023-10-23 01:34:45 -0700"
    },
    "done": true
  },
  "aether:recipes/tools/stone_pickaxe_repairing": {
    "criteria": {
      "has_stone_pickaxe": "2023-10-23 01:34:46 -0700"
    },
    "done": true
  },
  "davespotioneering:recipes/brewing/compound_brewing_stand": {
    "criteria": {
      "has_shield": "2023-10-23 01:34:46 -0700"
    },
    "done": true
  },
  "davespotioneering:recipes/tools/red_umbrella": {
    "criteria": {
      "has_shield": "2023-10-23 01:34:46 -0700"
    },
    "done": true
  },
  "minecraft:recipes/decorations/crafting_table": {
    "criteria": {
      "unlock_right_away": "2023-10-23 01:34:45 -0700"
    },
    "done": true
  },
  "minecraft:recipes/decorations/chest": {
    "criteria": {
      "has_lots_of_items": "2023-10-23 01:35:53 -0700"
    },
    "done": true
  },
  "minecraft:adventure/kill_all_mobs": {
    "criteria": {
      "minecraft:skeleton": "2023-10-23 01:53:44 -0700",
      "minecraft:spider": "2023-10-23 01:53:42 -0700",
      "minecraft:creeper": "2023-10-23 01:52:51 -0700"
    },
    "done": false
  },
  "astikorcarts:recipes/supply_cart": {
    "criteria": {
      "has_wheel": "2023-10-23 01:34:45 -0700"
    },
    "done": true
  },
  "beautify:progression/root": {
    "criteria": {
      "Install": "2023-10-23 01:34:45 -0700"
    },
    "done": true
  },
  "irons_spellbooks:make_inscription_table": {
    "criteria": {
      "inscription_table": "2023-10-23 01:59:05 -0700"
    },
    "done": true
  },
  "aether:recipes/combat/leather_boots_repairing": {
    "criteria": {
      "has_leather_boots": "2023-10-23 01:34:46 -0700"
    },
    "done": true
  },
  "aether:recipes/combat/shield_repairing": {
    "criteria": {
      "has_shield": "2023-10-23 01:34:46 -0700"
    },
    "done": true
  },
  "davespotioneering:recipes/tools/blue_umbrella": {
    "criteria": {
      "has_shield": "2023-10-23 01:34:46 -0700"
    },
    "done": true
  },
  "irons_spellbooks:grant_patchouli": {
    "criteria": {
      "tick": "2023-10-23 01:34:45 -0700"
    },
    "done": true
  },
  "minecraft:recipes/redstone/repeater": {
    "criteria": {
      "has_redstone_torch": "2023-10-23 01:36:06 -0700"
    },
    "done": true
  },
  "davespotioneering:recipes/tools/gilded_umbrella": {
    "criteria": {
      "has_shield": "2023-10-23 01:34:46 -0700"
    },
    "done": true
  },
  "lootr:social": {
    "criteria": {
      "opened_chest": "2023-10-23 01:48:38 -0700"
    },
    "done": false
  },
  "astikorcarts:recipes/plow": {
    "criteria": {
      "has_wheel": "2023-10-23 01:34:45 -0700"
    },
    "done": true
  },
  "davespotioneering:recipes/tools/white_umbrella": {
    "criteria": {
      "has_shield": "2023-10-23 01:34:46 -0700"
    },
    "done": true
  },
  "minecraft:adventure/root": {
    "criteria": {
      "killed_something": "2023-10-23 01:52:51 -0700"
    },
    "done": true
  },
  "davespotioneering:recipes/tools/cyan_umbrella": {
    "criteria": {
      "has_shield": "2023-10-23 01:34:46 -0700"
    },
    "done": true
  },
  "betterdungeons:root": {
    "criteria": {
      "always": "2023-10-23 01:34:45 -0700"
    },
    "done": true
  },
  "davespotioneering:recipes/tools/light_blue_umbrella": {
    "criteria": {
      "has_shield": "2023-10-23 01:34:46 -0700"
    },
    "done": true
  },
  "davespotioneering:recipes/tools/green_umbrella": {
    "criteria": {
      "has_shield": "2023-10-23 01:34:46 -0700"
    },
    "done": true
  },
  "davespotioneering:recipes/tools/orange_umbrella": {
    "criteria": {
      "has_shield": "2023-10-23 01:34:46 -0700"
    },
    "done": true
  },
  "irons_spellbooks:irons_spellbooks/make_inscription_table": {
    "criteria": {
      "inscription_table": "2023-10-23 01:59:05 -0700"
    },
    "done": true
  },
  "davespotioneering:recipes/tools/yellow_umbrella": {
    "criteria": {
      "has_shield": "2023-10-23 01:34:46 -0700"
    },
    "done": true
  },
  "minecraft:nether/obtain_crying_obsidian": {
    "criteria": {
      "crying_obsidian": "2023-10-23 01:48:35 -0700"
    },
    "done": true
  },
  "lootr:1chest": {
    "criteria": {
      "opened_chest": "2023-10-23 01:48:38 -0700"
    },
    "done": true
  },
  "davespotioneering:recipes/tools/magenta_umbrella": {
    "criteria": {
      "has_shield": "2023-10-23 01:34:46 -0700"
    },
    "done": true
  },
  "naturesaura:positive_imbalance": {
    "criteria": {
      "triggered_in_code": "2023-10-23 01:54:57 -0700"
    },
    "done": true
  },
  "minecraft:story/enter_the_nether": {
    "criteria": {
      "entered_nether": "2023-10-23 01:43:03 -0700"
    },
    "done": true
  },
  "irons_spellbooks:irons_spellbooks/root": {
    "criteria": {
      "inscription_table": "2023-10-23 01:59:05 -0700"
    },
    "done": true
  },
  "davespotioneering:recipes/tools/lime_umbrella": {
    "criteria": {
      "has_shield": "2023-10-23 01:34:46 -0700"
    },
    "done": true
  },
  "lootr:root": {
    "criteria": {
      "always_true": "2023-10-23 01:34:45 -0700"
    },
    "done": true
  },
  "irons_spellbooks:irons_spellbooks/spell_book_root": {
    "criteria": {
      "requirement": "2023-10-23 01:58:48 -0700"
    },
    "done": true
  },
  "betterdeserttemples:root": {
    "criteria": {
      "always": "2023-10-23 01:34:45 -0700"
    },
    "done": true
  },
  "davespotioneering:recipes/tools/light_gray_umbrella": {
    "criteria": {
      "has_shield": "2023-10-23 01:34:46 -0700"
    },
    "done": true
  },
  "minecraft:recipes/decorations/torch": {
    "criteria": {
      "has_stone_pickaxe": "2023-10-23 01:34:46 -0700"
    },
    "done": true
  },
  "davespotioneering:recipes/tools/gray_umbrella": {
    "criteria": {
      "has_shield": "2023-10-23 01:34:46 -0700"
    },
    "done": true
  },
  "astikorcarts:recipes/animal_cart": {
    "criteria": {
      "has_wheel": "2023-10-23 01:34:45 -0700"
    },
    "done": true
  },
  "minecraft:nether/root": {
    "criteria": {
      "entered_nether": "2023-10-23 01:43:03 -0700"
    },
    "done": true
  },
  "davespotioneering:recipes/tools/black_umbrella": {
    "criteria": {
      "has_shield": "2023-10-23 01:34:46 -0700"
    },
    "done": true
  },
  "minecraft:recipes/decorations/respawn_anchor": {
    "criteria": {
      "has_obsidian": "2023-10-23 01:48:35 -0700"
    },
    "done": true
  },
  "farmersdelight:main/root": {
    "criteria": {
      "seeds": "2023-10-23 01:34:45 -0700"
    },
    "done": true
  },
  "minecraft:story/upgrade_tools": {
    "criteria": {
      "stone_pickaxe": "2023-10-23 01:34:46 -0700"
    },
    "done": true
  },
  "davespotioneering:recipes/tools/purple_umbrella": {
    "criteria": {
      "has_shield": "2023-10-23 01:34:46 -0700"
    },
    "done": true
  },
  "aether:recipes/decorations/skyroot_chest": {
    "criteria": {
      "has_lots_of_items": "2023-10-23 01:35:53 -0700"
    },
    "done": true
  },
  "minecraft:adventure/kill_a_mob": {
    "criteria": {
      "minecraft:creeper": "2023-10-23 01:52:51 -0700"
    },
    "done": true
  },
  "minecraft:adventure/adventuring_time": {
    "criteria": {
      "minecraft:snowy_slopes": "2023-10-23 01:44:55 -0700",
      "minecraft:cherry_grove": "2023-10-23 01:47:38 -0700",
      "minecraft:ice_spikes": "2023-10-23 01:46:37 -0700",
      "minecraft:frozen_peaks": "2023-10-23 01:45:58 -0700",
      "minecraft:meadow": "2023-10-23 01:34:46 -0700",
      "minecraft:plains": "2023-10-23 01:48:08 -0700"
    },
    "done": false
  },
  "aether:recipes/tools/stone_axe_repairing": {
    "criteria": {
      "has_stone_axe": "2023-10-23 01:34:46 -0700"
    },
    "done": true
  },
  "davespotioneering:recipes/tools/brown_umbrella": {
    "criteria": {
      "has_shield": "2023-10-23 01:34:46 -0700"
    },
    "done": true
  },
  "davespotioneering:recipes/tools/aged_umbrella": {
    "criteria": {
      "has_shield": "2023-10-23 01:34:46 -0700"
    },
    "done": true
  },
  "davespotioneering:recipes/tools/pink_umbrella": {
    "criteria": {
      "has_shield": "2023-10-23 01:34:46 -0700"
    },
    "done": true
  },
  "decorative_blocks:recipes/decorative_blocks.general/chandelier": {
    "criteria": {
      "has_torch": "2023-10-23 01:41:17 -0700"
    },
    "done": true
  },
  "decorative_blocks:recipes/decorations/torch_from_chandelier": {
    "criteria": {
      "has_torch": "2023-10-23 01:41:17 -0700"
    },
    "done": true
  },
  "DataVersion": 3465
}