{"stats":{"minecraft:used":{"ancient_aether:aerotic_lantern":2,"minecraft:redstone_torch":3,"minecraft:soul_lantern":3,"ancient_aether:holystone_lantern":3,"minecraft:torch":3,"minecraft:lever":2,"supplementaries:candle_holder_red":1,"minecraft:fire_charge":1,"minecraft:spyglass":2,"minecraft:crying_obsidian":5,"aether_redux:veridium_lantern":1,"minecraft:flint_and_steel":2,"dustrial_decor:large_redstone_lantern":2,"ancient_aether:hellfire_lantern":2,"dustrial_decor:redstone_lantern":2,"minecraft:red_candle":2,"minecraft:cherry_leaves":2,"ancient_aether:angelic_lantern":2,"irons_spellbooks:inscription_table":1,"ancient_aether:sentry_lantern":1},"minecraft:killed":{"minecraft:pig":4,"minecraft:chicken":5,"minecraft:creeper":2,"alexsmobs:bison":2,"minecraft:skeleton":1,"minecraft:spider":3},"minecraft:custom":{"minecraft:time_since_rest":14406,"minecraft:crouch_one_cm":458,"minecraft:play_time":21615,"lootr:looted_stat":1,"minecraft:sprint_one_cm":10419,"minecraft:walk_one_cm":33790,"minecraft:deaths":2,"minecraft:sneak_time":625,"minecraft:mob_kills":17,"minecraft:drop":2,"minecraft:aviate_one_cm":17107,"minecraft:jump":48,"minecraft:time_since_death":14377,"minecraft:total_world_time":29767,"minecraft:fly_one_cm":141945},"minecraft:dropped":{"gravestone:obituary":1,"irons_spellbooks:scroll":1}},"DataVersion":3465}